[{"model": "wagtailimages.rendition", "pk": 19, "fields": {"filter_spec": "max-165x165", "file": "images/Gemini_Generated_Image_ludjquludjquludj_wvnw.max-165x165_zypieh", "width": 165, "height": 90, "focal_point_key": "", "image": 4}}, {"model": "wagtailimages.rendition", "pk": 20, "fields": {"filter_spec": "fill-1200x600", "file": "images/Gemini_Generated_Image_ludjquludj.2e16d0ba.fill-1200x600_urkyit", "width": 1200, "height": 600, "focal_point_key": "2e16d0ba", "image": 4}}, {"model": "wagtailimages.rendition", "pk": 21, "fields": {"filter_spec": "max-800x600", "file": "images/Gemini_Generated_Image_ludjquludjquludj_Io5MoQj.max-800x600.png", "width": 800, "height": 436, "focal_point_key": "", "image": 4}}, {"model": "wagtailimages.rendition", "pk": 23, "fields": {"filter_spec": "max-800x600", "file": "images/Gemini_Generated_Image_ludjquludjquludj_LmG1.max-800x600.png", "width": 800, "height": 436, "focal_point_key": "", "image": 8}}, {"model": "wagtailimages.rendition", "pk": 24, "fields": {"filter_spec": "max-165x165", "file": "images/Gemini_Generated_Image_ludjquludjquludj_LmG1.max-165x165.png", "width": 165, "height": 90, "focal_point_key": "", "image": 8}}, {"model": "wagtailimages.rendition", "pk": 25, "fields": {"filter_spec": "fill-1200x600", "file": "images/Gemini_Generated_Image_ludjquludj_fIOoqt3.2e16d0ba.fill-1200x600.png", "width": 1200, "height": 600, "focal_point_key": "2e16d0ba", "image": 8}}, {"model": "wagtailcore.locale", "pk": 1, "fields": {"language_code": "en"}}, {"model": "wagtailcore.collection", "fields": {"path": "0001", "depth": 1, "numchild": 0, "name": "Root"}}, {"model": "wagtailcore.workflow", "pk": 1, "fields": {"name": "Moderators approval", "active": true}}, {"model": "wagtailcore.workflowtask", "pk": 1, "fields": {"sort_order": 0, "workflow": 1, "task": 1}}, {"model": "wagtailcore.task", "pk": 1, "fields": {"name": "Moderators approval", "content_type": ["wagtailcore", "groupapprovaltask"], "active": true}}, {"model": "wagtailcore.referenceindex", "pk": 6, "fields": {"content_type": ["wagtailimages", "image"], "base_content_type": ["wagtailimages", "image"], "object_id": "4", "to_content_type": ["wagtailcore", "collection"], "to_object_id": "1", "model_path": "collection", "content_path": "collection", "content_path_hash": "b40b1263-e929-57f2-a7f8-9dbce56b887b"}}, {"model": "wagtailcore.referenceindex", "pk": 8, "fields": {"content_type": ["wagtailimages", "image"], "base_content_type": ["wagtailimages", "image"], "object_id": "5", "to_content_type": ["wagtailcore", "collection"], "to_object_id": "1", "model_path": "collection", "content_path": "collection", "content_path_hash": "b40b1263-e929-57f2-a7f8-9dbce56b887b"}}, {"model": "wagtailcore.referenceindex", "pk": 9, "fields": {"content_type": ["wagtailimages", "image"], "base_content_type": ["wagtailimages", "image"], "object_id": "6", "to_content_type": ["wagtailcore", "collection"], "to_object_id": "1", "model_path": "collection", "content_path": "collection", "content_path_hash": "b40b1263-e929-57f2-a7f8-9dbce56b887b"}}, {"model": "wagtailcore.referenceindex", "pk": 11, "fields": {"content_type": ["wagtailimages", "image"], "base_content_type": ["wagtailimages", "image"], "object_id": "8", "to_content_type": ["wagtailcore", "collection"], "to_object_id": "1", "model_path": "collection", "content_path": "collection", "content_path_hash": "b40b1263-e929-57f2-a7f8-9dbce56b887b"}}, {"model": "wagtailcore.referenceindex", "pk": 12, "fields": {"content_type": ["home", "homepage"], "base_content_type": ["wagtailcore", "page"], "object_id": "3", "to_content_type": ["wagtailimages", "image"], "to_object_id": "8", "model_path": "hero_image", "content_path": "hero_image", "content_path_hash": "2960929c-7feb-5d2b-8541-ed36105c53fd"}}, {"model": "auth.group", "fields": {"name": "Moderators", "permissions": [["access_admin", "wagtailadmin", "admin"], ["add_document", "wagtaildocs", "document"], ["change_document", "wagtaildocs", "document"], ["choose_document", "wagtaildocs", "document"], ["delete_document", "wagtaildocs", "document"], ["add_image", "wagtailimages", "image"], ["change_image", "wagtailimages", "image"], ["choose_image", "wagtailimages", "image"], ["delete_image", "wagtailimages", "image"]]}}, {"model": "auth.group", "fields": {"name": "Editors", "permissions": [["access_admin", "wagtailadmin", "admin"], ["add_document", "wagtaildocs", "document"], ["change_document", "wagtaildocs", "document"], ["choose_document", "wagtaildocs", "document"], ["delete_document", "wagtaildocs", "document"], ["add_image", "wagtailimages", "image"], ["change_image", "wagtailimages", "image"], ["choose_image", "wagtailimages", "image"], ["delete_image", "wagtailimages", "image"]]}}, {"model": "auth.user", "fields": {"password": "pbkdf2_sha256$1200000$lmfkQqNBfuOgq2JqYGrFDY$s01iSVbH6mLWU90bFJjLS8gsVsOz4zFF41DkGeSV8N0=", "last_login": "2026-07-13T10:10:25.321Z", "is_superuser": true, "username": "admin", "first_name": "", "last_name": "", "email": "admin123@gmail.com", "is_staff": true, "is_active": true, "date_joined": "2026-07-09T06:04:44.929Z", "groups": [], "user_permissions": []}}, {"model": "auth.user", "fields": {"password": "pbkdf2_sha256$1200000$d5UgUuBMBw0GgMOZFdWIX8$ZNqF7CeLjUcNN9my5o8rNGtsmyvpcquhAr0vNp1ICjE=", "last_login": "2026-07-12T13:50:04.397Z", "is_superuser": false, "username": "Ritik", "first_name": "", "last_name": "", "email": "panditprince88435@gmail.com", "is_staff": false, "is_active": true, "date_joined": "2026-07-09T08:49:27.449Z", "groups": [], "user_permissions": []}}, {"model": "auth.user", "fields": {"password": "pbkdf2_sha256$1200000$m3K2Abj8qagmH1qwA7UvSx$1njNaur8xWNcw/Ycl1sS2bGtO3NO7/roJBUZIXxh9IE=", "last_login": "2026-07-12T11:48:55.457Z", "is_superuser": false, "username": "Prince", "first_name": "", "last_name": "", "email": "panditprince88435@gmail.com", "is_staff": false, "is_active": true, "date_joined": "2026-07-09T13:33:04.885Z", "groups": [], "user_permissions": []}}, {"model": "sessions.session", "pk": "14kyl52jn50cq3ve5f97fk5abw9uio87", "fields": {"session_data": "e30:1wi938:CkiriJo4-nZupgwvzCvxVYz_a3NL741eau7SOOYD9UQ", "expire_date": "2026-07-24T11:05:42.357Z"}}, {"model": "sessions.session", "pk": "5498oai2inrsixfgxzhnzpe83h5chqln", "fields": {"session_data": ".eJxVjEEOwiAQAP_C2ZClYKE9evcNZFm2FjVgoE00xr-bJj3odWYyb-FxXWa_Nq4-RTEKJQ6_LCDdOG8iXjFfiqSSl5qC3BK52ybPJfL9tLd_gxnbLEahOyKnDRkDoQN37AwrCK4HtmpC7VhNgwZrAZQhBDOwgz5OQ7AatSHapo1bSyV7fj5SfYkRPl9M3T43:1whra6:odD85FTUTzTksHmfaZRKiqabABVQcGqJVdVBpqzJeys", "expire_date": "2026-07-23T16:26:34.009Z"}}, {"model": "sessions.session", "pk": "6330go2hk4foi7ttzw5j1wq5a9jeswuq", "fields": {"session_data": ".eJxVjEEOwiAQAP_C2ZClYKE9evcNZFm2FjVgoE00xr-bJj3odWYyb-FxXWa_Nq4-RTEKJQ6_LCDdOG8iXjFfiqSSl5qC3BK52ybPJfL9tLd_gxnbLEahOyKnDRkDoQN37AwrCK4HtmpC7VhNgwZrAZQhBDOwgz5OQ7AatSHapo1bSyV7fj5SfYkRPl9M3T43:1whj1k:PzjrQsi3MIXFmgXm-lmQJV4sdN55OxVX0BJzBfASmrc", "expire_date": "2026-07-23T07:18:32.284Z"}}, {"model": "sessions.session", "pk": "caae1x1jsgxy0d07zukzsbjbbqhwmzz9", "fields": {"session_data": ".eJxVjEEOwiAQAP_C2ZClYKE9evcNZFm2FjVgoE00xr-bJj3odWYyb-FxXWa_Nq4-RTEKJQ6_LCDdOG8iXjFfiqSSl5qC3BK52ybPJfL9tLd_gxnbLEahOyKnDRkDoQN37AwrCK4HtmpC7VhNgwZrAZQhBDOwgz5OQ7AatSHapo1bSyV7fj5SfYkRPl9M3T43:1whkeX:ANzHWUbzmwpNio4RyQ6yBzCUXuCCp_jn9l4c6R7YhuY", "expire_date": "2026-07-23T09:02:41.866Z"}}, {"model": "sessions.session", "pk": "h20gwympf0hy3sjy2mx3uhatjd8y2r2y", "fields": {"session_data": ".eJxVjDEOgzAMAP_iuYqcxCWBsTtvQI5jGtoKJAJT1b9XSAztene6Nwy8b2XYq67DlKEDC5dfllieOh8iP3i-L0aWeVunZI7EnLaafsn6up3t36BwLdCBdyLRkxBhchivjtRiig1qsCP7qHZsPYaAaEkYqdWITR7bFDx7EoHPF7b_Nvo:1wjDcH:5Dov_gOOOEykB_mcstnz0nrKd7EfstGrBxQibqvy11g", "expire_date": "2026-07-27T10:10:25.340Z"}}, {"model": "sessions.session", "pk": "tnxqay0vlq2ehytez0p9n8osimryh40i", "fields": {"session_data": "e30:1wi94H:qNRaNWA7ipAt-n2rPdO7sVQ6aULLU3JcuYjKzavdy0E", "expire_date": "2026-07-24T11:06:53.366Z"}}, {"model": "sessions.session", "pk": "zg3av39vfac5se0e1co6jny7ddibjetj", "fields": {"session_data": "e30:1wi92w:eI61g9H_fo9LF8PYPNUncP8SjdImabmsvXwl0k7T-go", "expire_date": "2026-07-24T11:05:30.174Z"}}, {"model": "admin.logentry", "pk": 1, "fields": {"action_time": "2026-07-09T09:18:52.330Z", "user": ["admin"], "content_type": ["blog", "post"], "object_id": "1", "object_repr": "My First Blog", "action_flag": 1, "change_message": "[{\"added\": {}}]"}}, {"model": "admin.logentry", "pk": 2, "fields": {"action_time": "2026-07-09T09:21:33.764Z", "user": ["admin"], "content_type": ["blog", "post"], "object_id": "1", "object_repr": "My First Blog", "action_flag": 2, "change_message": "[{\"changed\": {\"fields\": [\"Content\", \"Featured image\"]}}]"}}, {"model": "admin.logentry", "pk": 3, "fields": {"action_time": "2026-07-09T09:24:59.989Z", "user": ["admin"], "content_type": ["blog", "post"], "object_id": "2", "object_repr": "Billboard", "action_flag": 1, "change_message": "[{\"added\": {}}]"}}, {"model": "admin.logentry", "pk": 4, "fields": {"action_time": "2026-07-09T09:25:47.063Z", "user": ["admin"], "content_type": ["blog", "post"], "object_id": "2", "object_repr": "Billboard", "action_flag": 2, "change_message": "[{\"changed\": {\"fields\": [\"Featured image\"]}}]"}}, {"model": "admin.logentry", "pk": 5, "fields": {"action_time": "2026-07-09T10:33:14.997Z", "user": ["admin"], "content_type": ["blog", "post"], "object_id": "3", "object_repr": "Beautiful Mountains of Himachal", "action_flag": 1, "change_message": "[{\"added\": {}}]"}}, {"model": "admin.logentry", "pk": 6, "fields": {"action_time": "2026-07-09T10:35:09.358Z", "user": ["admin"], "content_type": ["blog", "post"], "object_id": "4", "object_repr": "Exploring Tokyo Streets", "action_flag": 1, "change_message": "[{\"added\": {}}]"}}, {"model": "admin.logentry", "pk": 7, "fields": {"action_time": "2026-07-09T10:37:39.259Z", "user": ["admin"], "content_type": ["blog", "post"], "object_id": "5", "object_repr": "Italian Food Experience", "action_flag": 1, "change_message": "[{\"added\": {}}]"}}, {"model": "admin.logentry", "pk": 8, "fields": {"action_time": "2026-07-09T10:40:52.492Z", "user": ["admin"], "content_type": ["blog", "post"], "object_id": "5", "object_repr": "Italian Food Experience", "action_flag": 2, "change_message": "[{\"changed\": {\"fields\": [\"Featured image\"]}}]"}}, {"model": "admin.logentry", "pk": 9, "fields": {"action_time": "2026-07-09T10:41:02.042Z", "user": ["admin"], "content_type": ["blog", "post"], "object_id": "3", "object_repr": "Beautiful Mountains of Himachal", "action_flag": 2, "change_message": "[{\"changed\": {\"fields\": [\"Featured image\"]}}]"}}, {"model": "admin.logentry", "pk": 10, "fields": {"action_time": "2026-07-09T10:41:13.067Z", "user": ["admin"], "content_type": ["blog", "post"], "object_id": "4", "object_repr": "Exploring Tokyo Streets", "action_flag": 2, "change_message": "[{\"changed\": {\"fields\": [\"Featured image\"]}}]"}}, {"model": "admin.logentry", "pk": 11, "fields": {"action_time": "2026-07-09T10:43:30.939Z", "user": ["admin"], "content_type": ["blog", "post"], "object_id": "6", "object_repr": "Hidden Beaches of Bali", "action_flag": 1, "change_message": "[{\"added\": {}}]"}}, {"model": "admin.logentry", "pk": 12, "fields": {"action_time": "2026-07-09T10:43:50.005Z", "user": ["admin"], "content_type": ["blog", "post"], "object_id": "6", "object_repr": "Hidden Beaches of Bali", "action_flag": 2, "change_message": "[{\"changed\": {\"fields\": [\"Featured image\"]}}]"}}, {"model": "admin.logentry", "pk": 13, "fields": {"action_time": "2026-07-09T16:30:32.878Z", "user": ["admin"], "content_type": ["blog", "post"], "object_id": "8", "object_repr": "FootBall", "action_flag": 1, "change_message": "[{\"added\": {}}]"}}, {"model": "admin.logentry", "pk": 14, "fields": {"action_time": "2026-07-09T16:30:57.545Z", "user": ["admin"], "content_type": ["blog", "post"], "object_id": "8", "object_repr": "FootBall", "action_flag": 2, "change_message": "[{\"changed\": {\"fields\": [\"Featured image\"]}}]"}}, {"model": "admin.logentry", "pk": 15, "fields": {"action_time": "2026-07-09T16:31:12.909Z", "user": ["admin"], "content_type": ["blog", "post"], "object_id": "7", "object_repr": "Football", "action_flag": 3, "change_message": ""}}, {"model": "admin.logentry", "pk": 16, "fields": {"action_time": "2026-07-09T16:33:32.295Z", "user": ["admin"], "content_type": ["blog", "post"], "object_id": "6", "object_repr": "Hidden Beaches of Bali", "action_flag": 2, "change_message": "[{\"changed\": {\"fields\": [\"Country\"]}}]"}}, {"model": "admin.logentry", "pk": 17, "fields": {"action_time": "2026-07-09T16:34:11.320Z", "user": ["admin"], "content_type": ["blog", "post"], "object_id": "5", "object_repr": "Italian Food Experience", "action_flag": 2, "change_message": "[{\"changed\": {\"fields\": [\"Country\"]}}]"}}, {"model": "admin.logentry", "pk": 18, "fields": {"action_time": "2026-07-09T16:34:21.563Z", "user": ["admin"], "content_type": ["blog", "post"], "object_id": "4", "object_repr": "Exploring Tokyo Streets", "action_flag": 2, "change_message": "[{\"changed\": {\"fields\": [\"Country\"]}}]"}}, {"model": "admin.logentry", "pk": 19, "fields": {"action_time": "2026-07-09T16:34:31.185Z", "user": ["admin"], "content_type": ["blog", "post"], "object_id": "3", "object_repr": "Beautiful Mountains of Himachal", "action_flag": 2, "change_message": "[{\"changed\": {\"fields\": [\"Country\"]}}]"}}, {"model": "admin.logentry", "pk": 20, "fields": {"action_time": "2026-07-09T16:34:56.999Z", "user": ["admin"], "content_type": ["blog", "post"], "object_id": "2", "object_repr": "Billboard", "action_flag": 2, "change_message": "[{\"changed\": {\"fields\": [\"Country\"]}}]"}}, {"model": "admin.logentry", "pk": 21, "fields": {"action_time": "2026-07-09T16:35:12.282Z", "user": ["admin"], "content_type": ["blog", "post"], "object_id": "1", "object_repr": "My First Blog", "action_flag": 2, "change_message": "[{\"changed\": {\"fields\": [\"Country\"]}}]"}}, {"model": "admin.logentry", "pk": 22, "fields": {"action_time": "2026-07-11T08:28:22.735Z", "user": ["admin"], "content_type": ["community", "community"], "object_id": "1", "object_repr": "Web Development", "action_flag": 1, "change_message": "[{\"added\": {}}]"}}, {"model": "admin.logentry", "pk": 23, "fields": {"action_time": "2026-07-11T08:28:30.136Z", "user": ["admin"], "content_type": ["community", "community"], "object_id": "1", "object_repr": "Web Development", "action_flag": 2, "change_message": "[{\"changed\": {\"fields\": [\"Image\"]}}]"}}, {"model": "admin.logentry", "pk": 24, "fields": {"action_time": "2026-07-11T08:28:40.444Z", "user": ["admin"], "content_type": ["community", "community"], "object_id": "1", "object_repr": "Web Development", "action_flag": 2, "change_message": "[{\"changed\": {\"fields\": [\"Image\"]}}]"}}, {"model": "admin.logentry", "pk": 25, "fields": {"action_time": "2026-07-13T10:11:26.258Z", "user": ["admin"], "content_type": ["blog", "post"], "object_id": "19", "object_repr": "Grand Theft Auto VI", "action_flag": 2, "change_message": "[{\"changed\": {\"fields\": [\"Featured image\"]}}]"}}, {"model": "wagtailcore.page", "fields": {"path": "0001", "depth": 1, "numchild": 1, "translation_key": "fd68ed72-1a61-457e-a31e-191b01a78c2e", "locale": 1, "latest_revision": null, "live": true, "has_unpublished_changes": false, "first_published_at": null, "last_published_at": null, "live_revision": null, "go_live_at": null, "expire_at": null, "expired": false, "locked": false, "locked_at": null, "locked_by": null, "title": "Root", "draft_title": "Root", "slug": "root", "content_type": ["wagtailcore", "page"], "url_path": "/", "owner": null, "seo_title": "", "show_in_menus": false, "search_description": "", "latest_revision_created_at": null, "alias_of": null}}, {"model": "wagtailcore.page", "fields": {"path": "00010001", "depth": 2, "numchild": 0, "translation_key": "25ab4bd0-d67c-4922-a841-03f008c665e2", "locale": 1, "latest_revision": 12, "live": true, "has_unpublished_changes": false, "first_published_at": "2026-07-09T10:01:59.742Z", "last_published_at": "2026-07-15T11:07:08.971Z", "live_revision": 12, "go_live_at": null, "expire_at": null, "expired": false, "locked": false, "locked_at": null, "locked_by": null, "title": "Home", "draft_title": "Home", "slug": "home", "content_type": ["home", "homepage"], "url_path": "/home/", "owner": null, "seo_title": "", "show_in_menus": false, "search_description": "", "latest_revision_created_at": "2026-07-15T11:07:08.937Z", "alias_of": null}}, {"model": "wagtailcore.groupapprovaltask", "pk": 1, "fields": {"task_ptr": 1, "groups": [["Moderators"]]}}, {"model": "wagtailcore.groupcollectionpermission", "fields": {"group": ["Editors"], "collection": ["Root"], "permission": ["add_document", "wagtaildocs", "document"]}}, {"model": "wagtailcore.groupcollectionpermission", "fields": {"group": ["Moderators"], "collection": ["Root"], "permission": ["add_document", "wagtaildocs", "document"]}}, {"model": "wagtailcore.groupcollectionpermission", "fields": {"group": ["Editors"], "collection": ["Root"], "permission": ["change_document", "wagtaildocs", "document"]}}, {"model": "wagtailcore.groupcollectionpermission", "fields": {"group": ["Moderators"], "collection": ["Root"], "permission": ["change_document", "wagtaildocs", "document"]}}, {"model": "wagtailcore.groupcollectionpermission", "fields": {"group": ["Editors"], "collection": ["Root"], "permission": ["choose_document", "wagtaildocs", "document"]}}, {"model": "wagtailcore.groupcollectionpermission", "fields": {"group": ["Moderators"], "collection": ["Root"], "permission": ["choose_document", "wagtaildocs", "document"]}}, {"model": "wagtailcore.groupcollectionpermission", "fields": {"group": ["Editors"], "collection": ["Root"], "permission": ["add_image", "wagtailimages", "image"]}}, {"model": "wagtailcore.groupcollectionpermission", "fields": {"group": ["Moderators"], "collection": ["Root"], "permission": ["add_image", "wagtailimages", "image"]}}, {"model": "wagtailcore.groupcollectionpermission", "fields": {"group": ["Editors"], "collection": ["Root"], "permission": ["change_image", "wagtailimages", "image"]}}, {"model": "wagtailcore.groupcollectionpermission", "fields": {"group": ["Moderators"], "collection": ["Root"], "permission": ["change_image", "wagtailimages", "image"]}}, {"model": "wagtailcore.groupcollectionpermission", "fields": {"group": ["Editors"], "collection": ["Root"], "permission": ["choose_image", "wagtailimages", "image"]}}, {"model": "wagtailcore.groupcollectionpermission", "fields": {"group": ["Moderators"], "collection": ["Root"], "permission": ["choose_image", "wagtailimages", "image"]}}, {"model": "wagtailcore.revision", "pk": 1, "fields": {"content_type": ["home", "homepage"], "base_content_type": ["wagtailcore", "page"], "object_id": "3", "created_at": "2026-07-09T10:01:57.357Z", "user": ["admin"], "object_str": "Home", "content": {"pk": 3, "path": "00010001", "depth": 2, "numchild": 0, "translation_key": "25ab4bd0-d67c-4922-a841-03f008c665e2", "locale": 1, "latest_revision": 1, "live": true, "has_unpublished_changes": true, "first_published_at": null, "last_published_at": null, "live_revision": null, "go_live_at": null, "expire_at": null, "expired": false, "locked": false, "locked_at": null, "locked_by": null, "title": "Home", "draft_title": "Home", "slug": "home", "content_type": 2, "url_path": "/home/", "owner": null, "seo_title": "", "show_in_menus": false, "search_description": "", "latest_revision_created_at": "2026-07-09T10:00:00.956Z", "alias_of": null, "hero_title": "Discover Stories From Around The World", "hero_description": "<p data-block-key=\"aznq2\">Share your experiences, ideas and stories with people globally.</p>", "hero_image": 1, "wagtail_admin_comments": []}, "approved_go_live_at": null}}, {"model": "wagtailcore.revision", "pk": 2, "fields": {"content_type": ["home", "homepage"], "base_content_type": ["wagtailcore", "page"], "object_id": "3", "created_at": "2026-07-09T10:01:59.705Z", "user": ["admin"], "object_str": "Home", "content": {"pk": 3, "path": "00010001", "depth": 2, "numchild": 0, "translation_key": "25ab4bd0-d67c-4922-a841-03f008c665e2", "locale": 1, "latest_revision": 1, "live": true, "has_unpublished_changes": true, "first_published_at": null, "last_published_at": null, "live_revision": null, "go_live_at": null, "expire_at": null, "expired": false, "locked": false, "locked_at": null, "locked_by": null, "title": "Home", "draft_title": "Home", "slug": "home", "content_type": 2, "url_path": "/home/", "owner": null, "seo_title": "", "show_in_menus": false, "search_description": "", "latest_revision_created_at": "2026-07-09T10:01:57.357Z", "alias_of": null, "hero_title": "Discover Stories From Around The World", "hero_description": "<p data-block-key=\"aznq2\">Share your experiences, ideas and stories with people globally.</p>", "hero_image": 1, "wagtail_admin_comments": []}, "approved_go_live_at": null}}, {"model": "wagtailcore.revision", "pk": 3, "fields": {"content_type": ["home", "homepage"], "base_content_type": ["wagtailcore", "page"], "object_id": "3", "created_at": "2026-07-09T10:02:59.231Z", "user": ["admin"], "object_str": "Home", "content": {"pk": 3, "path": "00010001", "depth": 2, "numchild": 0, "translation_key": "25ab4bd0-d67c-4922-a841-03f008c665e2", "locale": 1, "latest_revision": 2, "live": true, "has_unpublished_changes": false, "first_published_at": "2026-07-09T10:01:59.742Z", "last_published_at": "2026-07-09T10:01:59.742Z", "live_revision": 2, "go_live_at": null, "expire_at": null, "expired": false, "locked": false, "locked_at": null, "locked_by": null, "title": "Home", "draft_title": "Home", "slug": "home", "content_type": 2, "url_path": "/home/", "owner": null, "seo_title": "", "show_in_menus": false, "search_description": "", "latest_revision_created_at": "2026-07-09T10:01:59.705Z", "alias_of": null, "hero_title": "Discover Stories From Around The World", "hero_description": "<p data-block-key=\"aznq2\">Share your experiences, ideas and stories with people globally.</p>", "hero_image": 1, "wagtail_admin_comments": []}, "approved_go_live_at": null}}, {"model": "wagtailcore.revision", "pk": 4, "fields": {"content_type": ["home", "homepage"], "base_content_type": ["wagtailcore", "page"], "object_id": "3", "created_at": "2026-07-09T10:08:18.955Z", "user": ["admin"], "object_str": "Home", "content": {"pk": 3, "path": "00010001", "depth": 2, "numchild": 0, "translation_key": "25ab4bd0-d67c-4922-a841-03f008c665e2", "locale": 1, "latest_revision": 3, "live": true, "has_unpublished_changes": false, "first_published_at": "2026-07-09T10:01:59.742Z", "last_published_at": "2026-07-09T10:02:59.270Z", "live_revision": 3, "go_live_at": null, "expire_at": null, "expired": false, "locked": false, "locked_at": null, "locked_by": null, "title": "Home", "draft_title": "Home", "slug": "home", "content_type": 2, "url_path": "/home/", "owner": null, "seo_title": "", "show_in_menus": false, "search_description": "", "latest_revision_created_at": "2026-07-09T10:02:59.231Z", "alias_of": null, "hero_title": "Discover Stories From Around The World", "hero_description": "<p data-block-key=\"aznq2\">Share your experiences, ideas and stories with people globally.</p>", "hero_image": 2, "wagtail_admin_comments": []}, "approved_go_live_at": null}}, {"model": "wagtailcore.revision", "pk": 5, "fields": {"content_type": ["home", "homepage"], "base_content_type": ["wagtailcore", "page"], "object_id": "3", "created_at": "2026-07-09T10:08:20.593Z", "user": ["admin"], "object_str": "Home", "content": {"pk": 3, "path": "00010001", "depth": 2, "numchild": 0, "translation_key": "25ab4bd0-d67c-4922-a841-03f008c665e2", "locale": 1, "latest_revision": 4, "live": true, "has_unpublished_changes": true, "first_published_at": "2026-07-09T10:01:59.742Z", "last_published_at": "2026-07-09T10:02:59.270Z", "live_revision": 3, "go_live_at": null, "expire_at": null, "expired": false, "locked": false, "locked_at": null, "locked_by": null, "title": "Home", "draft_title": "Home", "slug": "home", "content_type": 2, "url_path": "/home/", "owner": null, "seo_title": "", "show_in_menus": false, "search_description": "", "latest_revision_created_at": "2026-07-09T10:08:18.955Z", "alias_of": null, "hero_title": "Discover Stories From Around The World", "hero_description": "<p data-block-key=\"aznq2\">Share your experiences, ideas and stories with people globally.</p>", "hero_image": 2, "wagtail_admin_comments": []}, "approved_go_live_at": null}}, {"model": "wagtailcore.revision", "pk": 6, "fields": {"content_type": ["home", "homepage"], "base_content_type": ["wagtailcore", "page"], "object_id": "3", "created_at": "2026-07-09T10:10:36.737Z", "user": ["admin"], "object_str": "Home", "content": {"pk": 3, "path": "00010001", "depth": 2, "numchild": 0, "translation_key": "25ab4bd0-d67c-4922-a841-03f008c665e2", "locale": 1, "latest_revision": 5, "live": true, "has_unpublished_changes": false, "first_published_at": "2026-07-09T10:01:59.742Z", "last_published_at": "2026-07-09T10:08:20.630Z", "live_revision": 5, "go_live_at": null, "expire_at": null, "expired": false, "locked": false, "locked_at": null, "locked_by": null, "title": "Home", "draft_title": "Home", "slug": "home", "content_type": 2, "url_path": "/home/", "owner": null, "seo_title": "", "show_in_menus": false, "search_description": "", "latest_revision_created_at": "2026-07-09T10:08:20.593Z", "alias_of": null, "hero_title": "Discover Stories From Around The World", "hero_description": "<p data-block-key=\"aznq2\">Share your experiences, ideas and stories with people globally.</p>", "hero_image": 2, "wagtail_admin_comments": []}, "approved_go_live_at": null}}, {"model": "wagtailcore.revision", "pk": 7, "fields": {"content_type": ["home", "homepage"], "base_content_type": ["wagtailcore", "page"], "object_id": "3", "created_at": "2026-07-14T07:53:28.822Z", "user": ["admin"], "object_str": "Home", "content": {"pk": 3, "path": "00010001", "depth": 2, "numchild": 0, "translation_key": "25ab4bd0-d67c-4922-a841-03f008c665e2", "locale": 1, "latest_revision": 7, "live": true, "has_unpublished_changes": true, "first_published_at": "2026-07-09T10:01:59.742Z", "last_published_at": "2026-07-09T10:10:36.781Z", "live_revision": 6, "go_live_at": null, "expire_at": null, "expired": false, "locked": false, "locked_at": null, "locked_by": null, "title": "Home", "draft_title": "Home", "slug": "home", "content_type": 2, "url_path": "/home/", "owner": null, "seo_title": "", "show_in_menus": false, "search_description": "", "latest_revision_created_at": "2026-07-14T07:52:50.299Z", "alias_of": null, "hero_title": "Discover Stories From Around The World", "hero_description": "<p data-block-key=\"aznq2\">Share your experiences, ideas and stories with people globally.</p>", "hero_image": 4, "wagtail_admin_comments": []}, "approved_go_live_at": null}}, {"model": "wagtailcore.revision", "pk": 8, "fields": {"content_type": ["home", "homepage"], "base_content_type": ["wagtailcore", "page"], "object_id": "3", "created_at": "2026-07-14T07:53:30.893Z", "user": ["admin"], "object_str": "Home", "content": {"pk": 3, "path": "00010001", "depth": 2, "numchild": 0, "translation_key": "25ab4bd0-d67c-4922-a841-03f008c665e2", "locale": 1, "latest_revision": 7, "live": true, "has_unpublished_changes": true, "first_published_at": "2026-07-09T10:01:59.742Z", "last_published_at": "2026-07-09T10:10:36.781Z", "live_revision": 6, "go_live_at": null, "expire_at": null, "expired": false, "locked": false, "locked_at": null, "locked_by": null, "title": "Home", "draft_title": "Home", "slug": "home", "content_type": 2, "url_path": "/home/", "owner": null, "seo_title": "", "show_in_menus": false, "search_description": "", "latest_revision_created_at": "2026-07-14T07:53:28.822Z", "alias_of": null, "hero_title": "Discover Stories From Around The World", "hero_description": "<p data-block-key=\"aznq2\">Share your experiences, ideas and stories with people globally.</p>", "hero_image": 4, "wagtail_admin_comments": []}, "approved_go_live_at": null}}, {"model": "wagtailcore.revision", "pk": 9, "fields": {"content_type": ["home", "homepage"], "base_content_type": ["wagtailcore", "page"], "object_id": "3", "created_at": "2026-07-14T08:08:35.436Z", "user": ["admin"], "object_str": "Home", "content": {"pk": 3, "path": "00010001", "depth": 2, "numchild": 0, "translation_key": "25ab4bd0-d67c-4922-a841-03f008c665e2", "locale": 1, "latest_revision": 8, "live": true, "has_unpublished_changes": false, "first_published_at": "2026-07-09T10:01:59.742Z", "last_published_at": "2026-07-14T07:53:30.932Z", "live_revision": 8, "go_live_at": null, "expire_at": null, "expired": false, "locked": false, "locked_at": null, "locked_by": null, "title": "Home", "draft_title": "Home", "slug": "home", "content_type": 2, "url_path": "/home/", "owner": null, "seo_title": "", "show_in_menus": false, "search_description": "", "latest_revision_created_at": "2026-07-14T07:53:30.893Z", "alias_of": null, "hero_title": "Discover Stories From Around The World", "hero_description": "<p data-block-key=\"aznq2\">Share your experiences, ideas and stories with people globally.</p>", "hero_image": 4, "wagtail_admin_comments": []}, "approved_go_live_at": null}}, {"model": "wagtailcore.revision", "pk": 10, "fields": {"content_type": ["home", "homepage"], "base_content_type": ["wagtailcore", "page"], "object_id": "3", "created_at": "2026-07-15T11:06:18.772Z", "user": ["admin"], "object_str": "Home", "content": {"pk": 3, "path": "00010001", "depth": 2, "numchild": 0, "translation_key": "25ab4bd0-d67c-4922-a841-03f008c665e2", "locale": 1, "latest_revision": 9, "live": true, "has_unpublished_changes": false, "first_published_at": "2026-07-09T10:01:59.742Z", "last_published_at": "2026-07-14T08:08:35.500Z", "live_revision": 9, "go_live_at": null, "expire_at": null, "expired": false, "locked": false, "locked_at": null, "locked_by": null, "title": "Home", "draft_title": "Home", "slug": "home", "content_type": 2, "url_path": "/home/", "owner": null, "seo_title": "", "show_in_menus": false, "search_description": "", "latest_revision_created_at": "2026-07-14T08:08:35.436Z", "alias_of": null, "hero_title": "Discover Stories From Around The World", "hero_description": "<p data-block-key=\"aznq2\">Share your experiences, ideas and stories with people globally.</p>", "hero_image": 4, "wagtail_admin_comments": []}, "approved_go_live_at": null}}, {"model": "wagtailcore.revision", "pk": 11, "fields": {"content_type": ["home", "homepage"], "base_content_type": ["wagtailcore", "page"], "object_id": "3", "created_at": "2026-07-15T11:07:07.409Z", "user": ["admin"], "object_str": "Home", "content": {"pk": 3, "path": "00010001", "depth": 2, "numchild": 0, "translation_key": "25ab4bd0-d67c-4922-a841-03f008c665e2", "locale": 1, "latest_revision": 10, "live": true, "has_unpublished_changes": false, "first_published_at": "2026-07-09T10:01:59.742Z", "last_published_at": "2026-07-15T11:06:18.811Z", "live_revision": 10, "go_live_at": null, "expire_at": null, "expired": false, "locked": false, "locked_at": null, "locked_by": null, "title": "Home", "draft_title": "Home", "slug": "home", "content_type": 2, "url_path": "/home/", "owner": null, "seo_title": "", "show_in_menus": false, "search_description": "", "latest_revision_created_at": "2026-07-15T11:06:18.772Z", "alias_of": null, "hero_title": "Discover Stories From Around The World", "hero_description": "<p data-block-key=\"aznq2\">Share your experiences, ideas and stories with people globally.</p>", "hero_image": 8, "wagtail_admin_comments": []}, "approved_go_live_at": null}}, {"model": "wagtailcore.revision", "pk": 12, "fields": {"content_type": ["home", "homepage"], "base_content_type": ["wagtailcore", "page"], "object_id": "3", "created_at": "2026-07-15T11:07:08.937Z", "user": ["admin"], "object_str": "Home", "content": {"pk": 3, "path": "00010001", "depth": 2, "numchild": 0, "translation_key": "25ab4bd0-d67c-4922-a841-03f008c665e2", "locale": 1, "latest_revision": 11, "live": true, "has_unpublished_changes": true, "first_published_at": "2026-07-09T10:01:59.742Z", "last_published_at": "2026-07-15T11:06:18.811Z", "live_revision": 10, "go_live_at": null, "expire_at": null, "expired": false, "locked": false, "locked_at": null, "locked_by": null, "title": "Home", "draft_title": "Home", "slug": "home", "content_type": 2, "url_path": "/home/", "owner": null, "seo_title": "", "show_in_menus": false, "search_description": "", "latest_revision_created_at": "2026-07-15T11:07:07.409Z", "alias_of": null, "hero_title": "Discover Stories From Around The World", "hero_description": "<p data-block-key=\"aznq2\">Share your experiences, ideas and stories with people globally.</p>", "hero_image": 8, "wagtail_admin_comments": []}, "approved_go_live_at": null}}, {"model": "wagtailcore.modellogentry", "pk": 1, "fields": {"content_type": ["wagtailimages", "image"], "label": "Gemini_Generated_Image_ekh0x8ekh0x8ekh0", "action": "wagtail.edit", "data": {}, "timestamp": "2026-07-09T10:02:43.825Z", "uuid": "8e8016bf-5f20-4703-bbe4-d741e9ea8870", "user": ["admin"], "revision": null, "content_changed": true, "deleted": false, "object_id": "1"}}, {"model": "wagtailcore.modellogentry", "pk": 2, "fields": {"content_type": ["wagtailimages", "image"], "label": "Gemini_Generated_Image_ludjquludjquludj", "action": "wagtail.delete", "data": {}, "timestamp": "2026-07-09T10:10:33.367Z", "uuid": "4b973f54-bf43-45f8-87a2-2bd7aff8e512", "user": ["admin"], "revision": null, "content_changed": false, "deleted": false, "object_id": "3"}}, {"model": "wagtailcore.modellogentry", "pk": 3, "fields": {"content_type": ["wagtailimages", "image"], "label": "Gemini_Generated_Image_ludjquludjquludj", "action": "wagtail.edit", "data": {}, "timestamp": "2026-07-14T08:05:17.724Z", "uuid": "9f5b2df0-8daa-40c9-afbc-11982a3dc6f7", "user": ["admin"], "revision": null, "content_changed": true, "deleted": false, "object_id": "4"}}, {"model": "wagtailcore.modellogentry", "pk": 4, "fields": {"content_type": ["wagtailimages", "image"], "label": "Gemini_Generated_Image_ludjquludjquludj", "action": "wagtail.delete", "data": {}, "timestamp": "2026-07-15T11:06:14.396Z", "uuid": "7e9c3c27-8008-4500-8957-29dc5b5d8dba", "user": ["admin"], "revision": null, "content_changed": false, "deleted": false, "object_id": "7"}}, {"model": "wagtailcore.site", "fields": {"hostname": "localhost", "port": 80, "site_name": "", "root_page": ["/home/"], "is_default_site": true}}, {"model": "wagtailimages.image", "pk": 4, "fields": {"collection": ["Root"], "title": "Gemini_Generated_Image_ludjquludjquludj", "file": "original_images/Gemini_Generated_Image_ludjquludjquludj.png", "description": "", "width": 1408, "height": 768, "created_at": "2026-07-14T07:53:16.125Z", "uploaded_by_user": ["admin"], "focal_point_x": null, "focal_point_y": null, "focal_point_width": null, "focal_point_height": null, "file_size": 2346122, "file_hash": "84f18152dc372adbc1ca594a181c5c7cb00f394a"}}, {"model": "wagtailimages.image", "pk": 5, "fields": {"collection": ["Root"], "title": "Gemini_Generated_Image_ekh0x8ekh0x8ekh0_r04QTSO", "file": "original_images/Gemini_Generated_Image_ekh0x8ekh0x8ekh0_r04QTSO_idek2a", "description": "", "width": 1408, "height": 768, "created_at": "2026-07-14T08:07:46.937Z", "uploaded_by_user": null, "focal_point_x": null, "focal_point_y": null, "focal_point_width": null, "focal_point_height": null, "file_size": null, "file_hash": ""}}, {"model": "wagtailimages.image", "pk": 6, "fields": {"collection": ["Root"], "title": "Gemini_Generated_Image_ludjquludjquludj", "file": "original_images/Gemini_Generated_Image_ludjquludjquludj_qtsyzr", "description": "", "width": 1408, "height": 768, "created_at": "2026-07-14T08:07:49.703Z", "uploaded_by_user": null, "focal_point_x": null, "focal_point_y": null, "focal_point_width": null, "focal_point_height": null, "file_size": null, "file_hash": ""}}, {"model": "wagtailimages.image", "pk": 8, "fields": {"collection": ["Root"], "title": "Gemini_Generated_Image_ludjquludjquludj", "file": "original_images/Gemini_Generated_Image_ludjquludjquludj_LmG1eI8.png", "description": "", "width": 1408, "height": 768, "created_at": "2026-07-15T11:07:03.762Z", "uploaded_by_user": ["admin"], "focal_point_x": null, "focal_point_y": null, "focal_point_width": null, "focal_point_height": null, "file_size": 2346122, "file_hash": "84f18152dc372adbc1ca594a181c5c7cb00f394a"}}, {"model": "wagtailusers.userprofile", "pk": 1, "fields": {"user": ["admin"], "submitted_notifications": true, "approved_notifications": true, "rejected_notifications": true, "updated_comments_notifications": true, "preferred_language": "", "current_time_zone": "", "avatar": "", "dismissibles": {"help": true, "whats-new-in-wagtail-7.4": true, "editor-guide": true}, "theme": "system", "contrast": "system", "density": "default", "keyboard_shortcuts": true}}, {"model": "notifications.notification", "pk": 1, "fields": {"receiver": ["Prince"], "sender": ["admin"], "notification_type": "follow", "message": "admin started following you", "post": null, "url_name": null, "is_read": true, "created_at": "2026-07-12T10:36:22.713Z"}}, {"model": "notifications.notification", "pk": 2, "fields": {"receiver": ["Ritik"], "sender": ["admin"], "notification_type": "follow", "message": "admin started following you", "post": null, "url_name": null, "is_read": true, "created_at": "2026-07-12T10:36:40.366Z"}}, {"model": "notifications.notification", "pk": 3, "fields": {"receiver": ["Prince"], "sender": ["admin"], "notification_type": "follow", "message": "admin started following you", "post": null, "url_name": null, "is_read": true, "created_at": "2026-07-12T10:36:51.205Z"}}, {"model": "notifications.notification", "pk": 8, "fields": {"receiver": ["admin"], "sender": ["Prince"], "notification_type": "follow", "message": "Prince started following you.", "post": null, "url_name": null, "is_read": true, "created_at": "2026-07-12T11:49:20.756Z"}}, {"model": "notifications.notification", "pk": 9, "fields": {"receiver": ["admin"], "sender": ["Prince"], "notification_type": "follow", "message": "Prince started following you.", "post": null, "url_name": null, "is_read": true, "created_at": "2026-07-12T11:49:24.764Z"}}, {"model": "notifications.notification", "pk": 10, "fields": {"receiver": ["admin"], "sender": ["Prince"], "notification_type": "follow", "message": "Prince started following you", "post": null, "url_name": null, "is_read": true, "created_at": "2026-07-12T11:49:24.774Z"}}, {"model": "notifications.notification", "pk": 11, "fields": {"receiver": ["Prince"], "sender": ["admin"], "notification_type": "follow", "message": "admin started following you.", "post": null, "url_name": null, "is_read": false, "created_at": "2026-07-12T11:51:14.050Z"}}, {"model": "notifications.notification", "pk": 12, "fields": {"receiver": ["Prince"], "sender": ["admin"], "notification_type": "follow", "message": "admin started following you.", "post": null, "url_name": null, "is_read": false, "created_at": "2026-07-12T11:51:15.528Z"}}, {"model": "notifications.notification", "pk": 13, "fields": {"receiver": ["Prince"], "sender": ["admin"], "notification_type": "follow", "message": "admin started following you", "post": null, "url_name": null, "is_read": false, "created_at": "2026-07-12T11:51:15.538Z"}}, {"model": "notifications.notification", "pk": 14, "fields": {"receiver": ["Ritik"], "sender": ["admin"], "notification_type": "like", "message": "admin liked your blog.", "post": 12, "url_name": null, "is_read": true, "created_at": "2026-07-12T12:01:49.352Z"}}, {"model": "notifications.notification", "pk": 15, "fields": {"receiver": ["Ritik"], "sender": ["admin"], "notification_type": "like", "message": "admin liked your blog.", "post": 6, "url_name": null, "is_read": true, "created_at": "2026-07-12T12:01:59.479Z"}}, {"model": "notifications.notification", "pk": 16, "fields": {"receiver": ["Ritik"], "sender": ["admin"], "notification_type": "like", "message": "admin liked your blog.", "post": 5, "url_name": null, "is_read": true, "created_at": "2026-07-12T12:02:06.976Z"}}, {"model": "notifications.notification", "pk": 17, "fields": {"receiver": ["Ritik"], "sender": ["admin"], "notification_type": "like", "message": "admin liked your blog.", "post": 1, "url_name": null, "is_read": true, "created_at": "2026-07-12T12:02:18.041Z"}}, {"model": "notifications.notification", "pk": 18, "fields": {"receiver": ["Ritik"], "sender": ["admin"], "notification_type": "comment", "message": "admin commented on your blog.", "post": 1, "url_name": null, "is_read": true, "created_at": "2026-07-12T12:02:27.841Z"}}, {"model": "notifications.notification", "pk": 19, "fields": {"receiver": ["admin"], "sender": ["Ritik"], "notification_type": "follow", "message": "Ritik started following you", "post": null, "url_name": null, "is_read": true, "created_at": "2026-07-12T12:10:30.687Z"}}, {"model": "notifications.notification", "pk": 20, "fields": {"receiver": ["admin"], "sender": ["Ritik"], "notification_type": "follow", "message": "Ritik started following you", "post": null, "url_name": null, "is_read": true, "created_at": "2026-07-12T12:10:33.838Z"}}, {"model": "notifications.notification", "pk": 21, "fields": {"receiver": ["Prince"], "sender": ["admin"], "notification_type": "blog", "message": "admin posted a new blog.", "post": 16, "url_name": null, "is_read": false, "created_at": "2026-07-12T13:29:29.242Z"}}, {"model": "notifications.notification", "pk": 22, "fields": {"receiver": ["Ritik"], "sender": ["admin"], "notification_type": "blog", "message": "admin posted a new blog.", "post": 16, "url_name": null, "is_read": true, "created_at": "2026-07-12T13:29:29.250Z"}}, {"model": "notifications.notification", "pk": 23, "fields": {"receiver": ["admin"], "sender": ["Ritik"], "notification_type": "blog", "message": "Ritik posted a new blog.", "post": 17, "url_name": null, "is_read": true, "created_at": "2026-07-12T13:51:39.505Z"}}, {"model": "notifications.notification", "pk": 24, "fields": {"receiver": ["admin"], "sender": ["Ritik"], "notification_type": "like", "message": "Ritik liked your blog.", "post": 13, "url_name": null, "is_read": true, "created_at": "2026-07-13T05:38:28.001Z"}}, {"model": "notifications.notification", "pk": 25, "fields": {"receiver": ["admin"], "sender": ["Ritik"], "notification_type": "comment", "message": "Ritik commented on your blog.", "post": 13, "url_name": null, "is_read": true, "created_at": "2026-07-13T05:38:51.716Z"}}, {"model": "notifications.notification", "pk": 27, "fields": {"receiver": ["admin"], "sender": ["Ritik"], "notification_type": "blog", "message": "Ritik posted a new blog.", "post": 19, "url_name": null, "is_read": true, "created_at": "2026-07-13T06:23:02.424Z"}}, {"model": "community.communitymessage", "pk": 1, "fields": {"community": 2, "sender": ["Ritik"], "message": "hloo gyss", "created_at": "2026-07-12T13:13:10.292Z"}}, {"model": "community.communitymessage", "pk": 2, "fields": {"community": 2, "sender": ["Ritik"], "message": "how are you", "created_at": "2026-07-12T13:13:17.114Z"}}, {"model": "community.communitymessage", "pk": 3, "fields": {"community": 2, "sender": ["admin"], "message": "hi i am fine how are you", "created_at": "2026-07-12T13:13:56.408Z"}}, {"model": "community.communitymessage", "pk": 4, "fields": {"community": 2, "sender": ["admin"], "message": "are you all right", "created_at": "2026-07-12T13:14:05.534Z"}}, {"model": "community.communitymessage", "pk": 5, "fields": {"community": 2, "sender": ["admin"], "message": "are you all right", "created_at": "2026-07-12T13:14:14.834Z"}}, {"model": "community.communitymessage", "pk": 6, "fields": {"community": 6, "sender": ["Ritik"], "message": "hello", "created_at": "2026-07-13T05:41:29.280Z"}}, {"model": "community.membership", "pk": 2, "fields": {"user": ["Prince"], "community": 3, "joined_at": "2026-07-12T06:16:18.359Z"}}, {"model": "community.membership", "pk": 3, "fields": {"user": ["Prince"], "community": 2, "joined_at": "2026-07-12T06:16:29.258Z"}}, {"model": "community.membership", "pk": 4, "fields": {"user": ["admin"], "community": 2, "joined_at": "2026-07-12T06:16:51.830Z"}}, {"model": "community.membership", "pk": 5, "fields": {"user": ["admin"], "community": 3, "joined_at": "2026-07-12T06:16:59.669Z"}}, {"model": "community.membership", "pk": 6, "fields": {"user": ["admin"], "community": 6, "joined_at": "2026-07-12T07:00:17.724Z"}}, {"model": "community.membership", "pk": 7, "fields": {"user": ["admin"], "community": 4, "joined_at": "2026-07-12T09:36:02.469Z"}}, {"model": "community.membership", "pk": 8, "fields": {"user": ["admin"], "community": 5, "joined_at": "2026-07-12T09:36:13.000Z"}}, {"model": "community.membership", "pk": 9, "fields": {"user": ["admin"], "community": 1, "joined_at": "2026-07-12T09:36:23.666Z"}}, {"model": "community.membership", "pk": 10, "fields": {"user": ["Ritik"], "community": 3, "joined_at": "2026-07-12T09:38:08.447Z"}}, {"model": "community.membership", "pk": 11, "fields": {"user": ["Prince"], "community": 6, "joined_at": "2026-07-12T11:49:51.623Z"}}, {"model": "community.membership", "pk": 12, "fields": {"user": ["Ritik"], "community": 2, "joined_at": "2026-07-12T13:08:26.111Z"}}, {"model": "community.membership", "pk": 13, "fields": {"user": ["Ritik"], "community": 6, "joined_at": "2026-07-13T05:41:23.966Z"}}, {"model": "community.community", "pk": 1, "fields": {"name": "Web Development", "slug": "web-development", "description": "A community for developers to share Django, React and programming knowledge.", "image": "community/web-dev.jpg", "creator": ["admin"], "created_at": "2026-07-11T08:28:22.733Z"}}, {"model": "community.community", "pk": 2, "fields": {"name": "Python Development", "slug": "python-development", "description": "Python development is the process of using the Python programming language to build web applications, automate repetitive tasks, analyze complex data, and create artificial intelligence (AI) workflows. Because of its simple syntax that reads like conversational English, it is currently one of the most widely adopted and beginner-friendly languages in the software industry.", "image": "community/Python-img.png", "creator": ["Ritik"], "created_at": "2026-07-12T05:47:58.206Z"}}, {"model": "community.community", "pk": 3, "fields": {"name": "Cricket World", "slug": "cricket-world", "description": "A cricket biography is an account of the life, career, and personal achievements of a professional cricket player, highlighting their development in the sport, major matches, and historical records.", "image": "community/kholi.jpg", "creator": ["Ritik"], "created_at": "2026-07-12T05:50:19.659Z"}}, {"model": "community.community", "pk": 4, "fields": {"name": "Football Club", "slug": "football-club", "description": "Elevate your football club's social media presence with these engaging, customizable bios tailored to fit your team's unique identity.", "image": "community/football-img.jpg", "creator": ["Prince"], "created_at": "2026-07-12T05:52:16.363Z"}}, {"model": "community.community", "pk": 5, "fields": {"name": "RCB", "slug": "rcb", "description": "Ee Sala Cup Namdu 👑 | Supporting RCB isn't a hobby, it’s an emotion ❤️‍🔥| 😎 Loyal Fan & Sarcastic", "image": "community/RCB-img.jpg", "creator": ["Prince"], "created_at": "2026-07-12T05:54:31.071Z"}}, {"model": "community.community", "pk": 6, "fields": {"name": "Default Club", "slug": "default-club", "description": "lets go for it !", "image": "", "creator": ["Prince"], "created_at": "2026-07-12T06:12:41.581Z"}}, {"model": "blog.comment", "pk": 2, "fields": {"user": ["admin"], "post": 3, "text": "This is the first comment of this page best page.", "created_at": "2026-07-10T08:49:15.360Z", "updated_at": "2026-07-10T08:49:15.360Z"}}, {"model": "blog.comment", "pk": 3, "fields": {"user": ["admin"], "post": 8, "text": "Hello Admin Ji !", "created_at": "2026-07-11T06:05:26.928Z", "updated_at": "2026-07-11T09:26:56.073Z"}}, {"model": "blog.comment", "pk": 4, "fields": {"user": ["Prince"], "post": 3, "text": "I love this place ❤️  :)", "created_at": "2026-07-11T06:10:06.727Z", "updated_at": "2026-07-11T06:10:06.727Z"}}, {"model": "blog.comment", "pk": 5, "fields": {"user": ["admin"], "post": 12, "text": "The King Virat Kholi...........", "created_at": "2026-07-12T09:29:34.460Z", "updated_at": "2026-07-12T09:29:34.460Z"}}, {"model": "blog.comment", "pk": 6, "fields": {"user": ["Ritik"], "post": 12, "text": "RCBBBBBBBBBBBBBBBBBBBBBB", "created_at": "2026-07-12T09:37:04.199Z", "updated_at": "2026-07-12T09:37:04.199Z"}}, {"model": "blog.comment", "pk": 8, "fields": {"user": ["admin"], "post": 1, "text": "Hloo ,Its me...", "created_at": "2026-07-12T12:02:27.834Z", "updated_at": "2026-07-12T12:02:27.834Z"}}, {"model": "blog.postlike", "pk": 9, "fields": {"user": ["admin"], "post": 9, "created_at": "2026-07-10T07:16:31.000Z"}}, {"model": "blog.postlike", "pk": 12, "fields": {"user": ["admin"], "post": 4, "created_at": "2026-07-10T07:38:00.297Z"}}, {"model": "blog.postlike", "pk": 17, "fields": {"user": ["admin"], "post": 3, "created_at": "2026-07-10T13:10:07.601Z"}}, {"model": "blog.postlike", "pk": 18, "fields": {"user": ["admin"], "post": 8, "created_at": "2026-07-11T06:05:01.197Z"}}, {"model": "blog.postlike", "pk": 19, "fields": {"user": ["Prince"], "post": 8, "created_at": "2026-07-11T06:06:02.772Z"}}, {"model": "blog.postlike", "pk": 20, "fields": {"user": ["Prince"], "post": 3, "created_at": "2026-07-11T06:07:08.174Z"}}, {"model": "blog.postlike", "pk": 21, "fields": {"user": ["Prince"], "post": 6, "created_at": "2026-07-11T06:43:12.494Z"}}, {"model": "blog.postlike", "pk": 23, "fields": {"user": ["Prince"], "post": 9, "created_at": "2026-07-11T07:28:03.908Z"}}, {"model": "blog.postlike", "pk": 26, "fields": {"user": ["admin"], "post": 12, "created_at": "2026-07-12T12:01:49.344Z"}}, {"model": "blog.postlike", "pk": 27, "fields": {"user": ["admin"], "post": 6, "created_at": "2026-07-12T12:01:59.474Z"}}, {"model": "blog.postlike", "pk": 28, "fields": {"user": ["admin"], "post": 5, "created_at": "2026-07-12T12:02:06.971Z"}}, {"model": "blog.postlike", "pk": 29, "fields": {"user": ["admin"], "post": 1, "created_at": "2026-07-12T12:02:18.035Z"}}, {"model": "blog.postlike", "pk": 30, "fields": {"user": ["Ritik"], "post": 13, "created_at": "2026-07-13T05:38:27.991Z"}}, {"model": "blog.postlike", "pk": 31, "fields": {"user": ["Ritik"], "post": 12, "created_at": "2026-07-13T05:40:20.253Z"}}, {"model": "blog.post", "pk": 1, "fields": {"author": ["Ritik"], "title": "My First Blog", "country": "CU", "category": "Travel", "other_category": "", "visibility": "public", "community": null, "slug": "my-first-blog", "content": "Hello, this is my first post. this is my first post this is my first post this is my first post this is my first post this is my first post this is my first post this is my first post", "featured_image": "blog_images/smartphone.jpg", "created_at": "2026-07-09T09:18:52.327Z", "updated_at": "2026-07-15T10:54:06.879Z", "published": true}}, {"model": "blog.post", "pk": 2, "fields": {"author": ["admin"], "title": "Billboard", "country": "UA", "category": "Travel", "other_category": "", "visibility": "public", "community": null, "slug": "billboard", "content": "Best known for the Hot 100 and Billboard 200, which list the most popular songs and albums each week in the industry. Offers industry news, events, podcasts, and music streaming.", "featured_image": "blog_images/Billboard.jpg", "created_at": "2026-07-09T09:24:59.986Z", "updated_at": "2026-07-15T10:54:06.875Z", "published": true}}, {"model": "blog.post", "pk": 3, "fields": {"author": ["Ritik"], "title": "Beautiful Mountains of Himachal", "country": "IN", "category": "Travel", "other_category": "", "visibility": "public", "community": null, "slug": "beautiful-mountains-of-himachal", "content": "Kalpa is a beautiful and peaceful village located in the Kinnaur district of Himachal Pradesh. It is famous for its breathtaking views of the snow-covered Kinnaur Kailash mountain range, apple orchards, traditional houses, and rich cultural heritage. Situated at a high altitude, Kalpa offers a perfect combination of natural beauty and traditional Himachali lifestyle.\r\n\r\nThe village is surrounded by green forests, mountains, and clear blue skies, making it a popular destination for nature lovers and travelers. The sunrise and sunset views from Kalpa are among its most attractive features, especially when the golden sunlight falls on the Himalayan peaks.\r\n\r\nKalpa is also known for its ancient temples, including the Narayan Nagini Temple, which reflects the unique architecture and religious traditions of the region. The local people are warm and welcoming, and their lifestyle is deeply connected with nature and agriculture. Apple farming is one of the main sources of income for many families in this area.\r\n\r\nUnlike crowded tourist destinations, Kalpa provides a calm and refreshing environment where visitors can experience the true beauty of the Himalayas. With its scenic landscapes, peaceful atmosphere, and cultural importance, Kalpa remains one of the most charming villages of Himachal Pradesh.", "featured_image": "blog_images/Kalpa.jpg", "created_at": "2026-07-09T10:33:14.993Z", "updated_at": "2026-07-15T10:54:06.870Z", "published": true}}, {"model": "blog.post", "pk": 4, "fields": {"author": ["admin"], "title": "Exploring Tokyo Streets", "country": "JP", "category": "Travel", "other_category": "", "visibility": "public", "community": null, "slug": "exploring-tokyo-streets", "content": "Exploring Tokyo Streets is an unforgettable experience that combines modern technology, traditional culture, and everyday life in a unique way. Tokyo, the capital city of Japan, is famous for its busy streets, colorful neighborhoods, skyscrapers, and peaceful temples. Every corner of the city offers something new to discover.\r\n\r\nWalking through areas like Shibuya, Shinjuku, and Asakusa allows visitors to experience the different sides of Tokyo. The crowded crossings, bright neon lights, shopping streets, and delicious street food create an exciting atmosphere. At the same time, small traditional streets with wooden houses, local shops, and ancient shrines show the historical beauty of Japan.\r\n\r\nTokyo streets are also known for their cleanliness, safety, and efficient transportation system. People moving quickly, vending machines on every corner, and unique cafes add to the city's modern charm. From tasting sushi and ramen to exploring hidden alleys, every journey through Tokyo becomes a memorable adventure.\r\n\r\nThe city perfectly balances the old and the new. Visitors can admire futuristic buildings in the morning and visit centuries-old temples in the afternoon. Exploring Tokyo streets is not just about seeing places; it is about experiencing the culture, lifestyle, and energy of one of the world's most fascinating cities.", "featured_image": "blog_images/Tokyo.jpg", "created_at": "2026-07-09T10:35:09.354Z", "updated_at": "2026-07-15T10:54:06.865Z", "published": true}}, {"model": "blog.post", "pk": 5, "fields": {"author": ["Ritik"], "title": "Italian Food Experience", "country": "IT", "category": "Travel", "other_category": "", "visibility": "public", "community": null, "slug": "italian-food-experience", "content": "Italian Food Experience is a journey filled with rich flavors, traditional recipes, and unforgettable culinary moments. Italian cuisine is one of the most loved cuisines in the world, known for its simple ingredients, fresh flavors, and deep cultural roots. Every region of Italy has its own unique dishes, cooking methods, and food traditions.\r\n\r\nFrom the famous pizza of Naples to handmade pasta from Bologna, Italian food represents the passion and creativity of its people. Fresh tomatoes, olive oil, cheese, herbs, and seasonal vegetables are some of the key ingredients that make Italian dishes special. Classic foods like pasta, risotto, lasagna, and tiramisu are enjoyed by millions of people around the world.\r\n\r\nAn Italian food experience is not only about eating; it is about enjoying time with family and friends. Meals are often prepared slowly and shared together, creating a strong connection between food and relationships. Local markets, small restaurants, and family-owned cafes provide an authentic taste of Italian culture.\r\n\r\nThe aroma of freshly baked bread, the taste of traditional sauces, and the warmth of Italian hospitality make every meal memorable. Whether enjoying street food in a busy city or a homemade dish in a countryside village, Italian cuisine offers a perfect blend of tradition, flavor, and passion.", "featured_image": "blog_images/italy.jpg", "created_at": "2026-07-09T10:37:39.255Z", "updated_at": "2026-07-15T10:54:06.861Z", "published": true}}, {"model": "blog.post", "pk": 6, "fields": {"author": ["Ritik"], "title": "Hidden Beaches of Bali", "country": "VN", "category": "Travel", "other_category": "", "visibility": "public", "community": null, "slug": "hidden-beaches-of-bali", "content": "Discover the beautiful hidden beaches of Bali, where peaceful oceans, nature, and local culture create unforgettable travel experiences.", "featured_image": "blog_images/bali.jpg", "created_at": "2026-07-09T10:43:30.935Z", "updated_at": "2026-07-15T10:54:06.856Z", "published": true}}, {"model": "blog.post", "pk": 8, "fields": {"author": ["admin"], "title": "FootBall", "country": "BR", "category": "Sports", "other_category": "", "visibility": "public", "community": null, "slug": "united-states", "content": "Cristiano Ronaldo dos Santos Aveiro[a] (born 5 February 1985), nicknamed CR7, is a Portuguese professional footballer who plays as a forward for and captains both the Saudi Pro League club Al-Nassr and the Portugal national team. Widely regarded as one of the greatest players in history and the greatest Portuguese player ever, he has won numerous individual accolades throughout his career, including five Ballon d'Or awards, a record three UEFA Men's Player of the Year Awards, and four European Golden Shoes. He was named the world's best player five times by FIFA.[note 3]\r\n\r\nRonaldo is one of the most decorated players in the history of professional football, having won 35 trophies in his career, including five UEFA Champions Leagues, two UEFA Nations Leagues and the UEFA European Championship. He holds the records for most goals (140) and assists (42) in the Champions League, most goals (14) and assists (8) in the European Championship, most international appearances (233), most men's international goals (146) and most international victories (141). He is the only player to have scored 100 goals with four different clubs and to finish as top scorer in four different domestic leagues. He has made over 1,300 professional career appearances, the most by an outfield player, and has scored over 970 official senior career goals for club and country, making him the top goalscorer of all time.\r\n\r\nBorn in Funchal, Madeira, Ronaldo began his career with Sporting CP before signing with Manchester United in 2003. He gradually established himself as an integral player for the club, winning three consecutive Premier League titles, the 2007–08 Champions League, and the 2008 FIFA Club World Cup. For his performances in 2007–08, Ronaldo was awarded his first Ballon d'Or at age 23. In 2009, he joined Real Madrid in a deal worth €94 million (£80 million), which was the most expensive transfer in history at the time. He was at the forefront of Madrid's resurgence as a dominant European force, helping them win four Champions Leagues between 2014 and 2018, including the long-awaited La Décima in 2014, where he set the record for most goals scored in a Champions League season. With Madrid, he also won two La Liga titles, won the Ballon d'Or in 2013, 2014, 2016 and 2017, and became the club's all-time top goalscorer.", "featured_image": "blog_images/football-img.jpg", "created_at": "2026-07-09T16:30:32.872Z", "updated_at": "2026-07-15T10:54:06.849Z", "published": true}}, {"model": "blog.post", "pk": 9, "fields": {"author": ["admin"], "title": "New Laptop", "country": "US", "category": "Technology", "other_category": "", "visibility": "public", "community": null, "slug": "new-laptop", "content": "It is a brand new laptop.", "featured_image": "blog_images/laptop.jpg", "created_at": "2026-07-09T16:32:37.871Z", "updated_at": "2026-07-15T10:54:06.843Z", "published": true}}, {"model": "blog.post", "pk": 12, "fields": {"author": ["Ritik"], "title": "Cricket", "country": "IN", "category": "Sports", "other_category": "", "visibility": "followers", "community": null, "slug": "cricket", "content": "The King", "featured_image": "blog_images/kholi.jpg", "created_at": "2026-07-12T08:52:17.865Z", "updated_at": "2026-07-15T10:54:06.838Z", "published": true}}, {"model": "blog.post", "pk": 13, "fields": {"author": ["admin"], "title": "Football", "country": "BD", "category": "Sports", "other_category": "", "visibility": "public", "community": null, "slug": "football", "content": "Ronaldo was born on 5 February 1985 in the São Pedro parish of Funchal, the capital of the Portuguese island of Madeira, and he grew up in the nearby parish of Santo António.[9][10] His mother, Maria Dolores dos Santos Viveiros Aveiro, worked as a cook in the hospitality industry and as a cleaning woman.[11][12] His father, José Dinis Aveiro, was a municipal gardener at the Junta de Freguesia of Santo António and a part-time kit man for the football club Andorinha.[A] Ronaldo's father had served in the Portuguese Army during the Portuguese Colonial War and saw combat in Angola; he was traumatized by his experiences, which led to a lifelong struggle with alcoholism.[16]\r\n\r\nRonaldo has an older brother, Hugo, and two older sisters, Elma and Liliana \"Kátia\" Cátia.[2] His father was an admirer of United States president Ronald Reagan, and named Ronaldo after him.[17] Ronaldo's mother revealed that she had wanted to abort him due to poverty, his father's alcoholism, and having too many children already, but her doctor refused to perform the procedure.[18][19] Ronaldo grew up in an impoverished Catholic home, sharing a room with all his siblings.[20] He idolised the Brazilian footballers Ronaldinho and Ronaldo during his youth.[21]\r\n\r\nAs a child, Ronaldo played for Andorinha from 1992 to 1995, and later spent two years with Nacional.[22] In 1997, at age 12, he went on a three-day trial with Sporting CP, which signed him for a fee of £1,500.[23] He moved from Madeira to Lisbon to join Sporting CP's youth system,[23] and attended school at Escola EB2 de Telheiras, located in the city's Telheiras area.[24] While popular with other students, he struggled with his school responsibilities.[25][26] He was expelled after throwing a chair at his teacher, who he said had \"disrespected\" him.[27] A year later, he was diagnosed with tachycardia, a condition that threatened to end his football career.[28] He underwent cardiac ablation,[29] a type of heart surgery in which a laser is used to cauterise multiple cardiac pathways into one, which altered his resting heart rate.[30] He was discharged from the hospital hours after the procedure and resumed training a few days later.[31]", "featured_image": "blog_images/football-img.jpg", "created_at": "2026-07-12T10:43:48.460Z", "updated_at": "2026-07-15T10:54:06.830Z", "published": true}}, {"model": "blog.post", "pk": 16, "fields": {"author": ["admin"], "title": "Love Story of Narendra Modi", "country": "RU", "category": "Politics", "other_category": "Politics", "visibility": "community", "community": 6, "slug": "love-story-of-narendra-modi-KhNT9", "content": "Nina Ilyinichna Niss-Goldman (Russian: Ни́на Ильи́нична Нисс-Го́льдман, 19 September 1892 – 30 January 1990, Moscow) was a painter, sculptor and a teacher of Jewish origin that was one of the founding members of the Society of Artists 'The Four Arts' (1924–1931, Moscow). Nina was a member of the Society of Russian Sculptors (SRS) (1925–1932, Moscow), a member of the Moscow Union of Artists (MOSSH) since its foundation (1932) and was the most senior member of the Artists' Union of the USSR. Her brother was Russian-American writer, journalist and film producer Voldemar Ryndzune Vetluguin.", "featured_image": "blog_images/modi_ji.jpg", "created_at": "2026-07-12T13:29:29.230Z", "updated_at": "2026-07-15T10:54:06.824Z", "published": true}}, {"model": "blog.post", "pk": 17, "fields": {"author": ["Ritik"], "title": "Head Phone", "country": "AR", "category": "Technology", "other_category": "", "visibility": "community", "community": 6, "slug": "head-phone", "content": "Best Head Phone for best quality", "featured_image": "blog_images/headphones.jpg", "created_at": "2026-07-12T13:51:39.492Z", "updated_at": "2026-07-15T10:54:06.819Z", "published": true}}, {"model": "blog.post", "pk": 19, "fields": {"author": ["Ritik"], "title": "Grand Theft Auto VI", "country": "US", "category": "Gaming", "other_category": "Gaming", "visibility": "community", "community": 6, "slug": "grand-theft-auto-vi", "content": "Grand Theft Auto VI is an upcoming action-adventure game developed and published by Rockstar Games. It is due to be the eighth main Grand Theft Auto game, following Grand Theft Auto V (2013), and the sixteenth entry overall. Set within the fictional US state of Leonida, based on Florida, the story follows the romantic criminal duo of Jason Duval and Lucia Caminos. Players will be able to freely roam Leonida's open world, which features the Miami-inspired Vice City.\r\n\r\nFollowing years of speculation and anticipation, Rockstar confirmed in February 2022 that the game was in development. That September, footage from unfinished versions was leaked in what journalists described as one of the biggest leaks in the history of the video game industry. Grand Theft Auto VI was formally revealed in December 2023. Following two delays, it is scheduled to be released on 19 November 2026 for the PlayStation 5 and Xbox Series X/S.\r\n\r\nSetting and characters", "featured_image": "blog_images/gta.jpg", "created_at": "2026-07-13T06:23:02.414Z", "updated_at": "2026-07-15T10:54:06.799Z", "published": true}}, {"model": "accounts.follow", "pk": 3, "fields": {"follower": ["Ritik"], "following": ["Prince"], "created_at": "2026-07-11T07:53:28.360Z"}}, {"model": "accounts.follow", "pk": 13, "fields": {"follower": ["admin"], "following": ["Ritik"], "created_at": "2026-07-12T10:36:40.361Z"}}, {"model": "accounts.follow", "pk": 15, "fields": {"follower": ["Prince"], "following": ["admin"], "created_at": "2026-07-12T11:49:24.769Z"}}, {"model": "accounts.follow", "pk": 16, "fields": {"follower": ["admin"], "following": ["Prince"], "created_at": "2026-07-12T11:51:15.534Z"}}, {"model": "accounts.follow", "pk": 18, "fields": {"follower": ["Ritik"], "following": ["admin"], "created_at": "2026-07-12T12:10:33.832Z"}}, {"model": "accounts.profile", "pk": 1, "fields": {"user": ["admin"], "profile_image": "profiles/.king3.jpg", "bio": "Chalo Ya Bhi Thik Ha ...", "country": "IN", "website": "", "github": "", "linkedin": "https://www.linkedin.com/in/ritik-sharma-008b262b9/", "created_at": "2026-07-10T10:43:36.174Z", "updated_at": "2026-07-15T10:57:30.508Z"}}, {"model": "accounts.profile", "pk": 2, "fields": {"user": ["Ritik"], "profile_image": "profiles/Captain_Jack_Sparrow_Wallpaper_50_pictures_-_WallpaperSet.jpg", "bio": "Chalo Ya Bhi Thik Ha...", "country": "NP", "website": "", "github": "", "linkedin": "", "created_at": "2026-07-10T11:08:01.045Z", "updated_at": "2026-07-15T10:57:30.524Z"}}, {"model": "accounts.profile", "pk": 3, "fields": {"user": ["Prince"], "profile_image": "profiles/.thor2.jpg", "bio": "I am Thor !", "country": "US", "website": "", "github": "", "linkedin": "", "created_at": "2026-07-10T11:08:01.051Z", "updated_at": "2026-07-15T10:57:30.528Z"}}, {"model": "home.homepage", "fields": {"page_ptr": ["/home/"], "hero_title": "Discover Stories From Around The World", "hero_description": "<p data-block-key=\"aznq2\">Share your experiences, ideas and stories with people globally.</p>", "hero_image": 8}}, {"model": "wagtailcore.grouppagepermission", "pk": 1, "fields": {"group": ["Moderators"], "page": ["/"], "permission": ["add_page", "wagtailcore", "page"]}}, {"model": "wagtailcore.grouppagepermission", "pk": 2, "fields": {"group": ["Moderators"], "page": ["/"], "permission": ["change_page", "wagtailcore", "page"]}}, {"model": "wagtailcore.grouppagepermission", "pk": 3, "fields": {"group": ["Moderators"], "page": ["/"], "permission": ["publish_page", "wagtailcore", "page"]}}, {"model": "wagtailcore.grouppagepermission", "pk": 4, "fields": {"group": ["Editors"], "page": ["/"], "permission": ["add_page", "wagtailcore", "page"]}}, {"model": "wagtailcore.grouppagepermission", "pk": 5, "fields": {"group": ["Editors"], "page": ["/"], "permission": ["change_page", "wagtailcore", "page"]}}, {"model": "wagtailcore.grouppagepermission", "pk": 6, "fields": {"group": ["Moderators"], "page": ["/"], "permission": ["lock_page", "wagtailcore", "page"]}}, {"model": "wagtailcore.grouppagepermission", "pk": 7, "fields": {"group": ["Moderators"], "page": ["/"], "permission": ["unlock_page", "wagtailcore", "page"]}}, {"model": "wagtailcore.workflowpage", "pk": 1, "fields": {"workflow": 1}}, {"model": "wagtailcore.pagelogentry", "pk": 1, "fields": {"content_type": ["home", "homepage"], "label": "Home", "action": "wagtail.edit", "data": {}, "timestamp": "2026-07-09T10:00:00.986Z", "uuid": "c6a62660-7bd4-412f-a8c1-f2fbf847b9f2", "user": ["admin"], "revision": 1, "content_changed": true, "deleted": false, "page": ["/home/"]}}, {"model": "wagtailcore.pagelogentry", "pk": 2, "fields": {"content_type": ["home", "homepage"], "label": "Home", "action": "wagtail.edit", "data": {}, "timestamp": "2026-07-09T10:01:57.373Z", "uuid": "c6a62660-7bd4-412f-a8c1-f2fbf847b9f2", "user": ["admin"], "revision": 1, "content_changed": true, "deleted": false, "page": ["/home/"]}}, {"model": "wagtailcore.pagelogentry", "pk": 3, "fields": {"content_type": ["home", "homepage"], "label": "Home", "action": "wagtail.edit", "data": {}, "timestamp": "2026-07-09T10:01:59.721Z", "uuid": "d50ad662-38a1-46f5-8427-ca6c0624fe28", "user": ["admin"], "revision": 2, "content_changed": true, "deleted": false, "page": ["/home/"]}}, {"model": "wagtailcore.pagelogentry", "pk": 4, "fields": {"content_type": ["home", "homepage"], "label": "Home", "action": "wagtail.publish", "data": {}, "timestamp": "2026-07-09T10:01:59.785Z", "uuid": "d50ad662-38a1-46f5-8427-ca6c0624fe28", "user": ["admin"], "revision": 2, "content_changed": false, "deleted": false, "page": ["/home/"]}}, {"model": "wagtailcore.pagelogentry", "pk": 5, "fields": {"content_type": ["home", "homepage"], "label": "Home", "action": "wagtail.edit", "data": {}, "timestamp": "2026-07-09T10:02:59.247Z", "uuid": "9ca90a78-e7a2-4cee-859a-8e2df861b155", "user": ["admin"], "revision": 3, "content_changed": true, "deleted": false, "page": ["/home/"]}}, {"model": "wagtailcore.pagelogentry", "pk": 6, "fields": {"content_type": ["home", "homepage"], "label": "Home", "action": "wagtail.publish", "data": {}, "timestamp": "2026-07-09T10:02:59.317Z", "uuid": "9ca90a78-e7a2-4cee-859a-8e2df861b155", "user": ["admin"], "revision": 3, "content_changed": false, "deleted": false, "page": ["/home/"]}}, {"model": "wagtailcore.pagelogentry", "pk": 7, "fields": {"content_type": ["home", "homepage"], "label": "Home", "action": "wagtail.edit", "data": {}, "timestamp": "2026-07-09T10:08:18.969Z", "uuid": "e7357820-12dd-4044-87d5-967e9c340cbb", "user": ["admin"], "revision": 4, "content_changed": true, "deleted": false, "page": ["/home/"]}}, {"model": "wagtailcore.pagelogentry", "pk": 8, "fields": {"content_type": ["home", "homepage"], "label": "Home", "action": "wagtail.edit", "data": {}, "timestamp": "2026-07-09T10:08:20.610Z", "uuid": "11c9a13c-3162-4ea6-9e18-dd77b9161bab", "user": ["admin"], "revision": 5, "content_changed": true, "deleted": false, "page": ["/home/"]}}, {"model": "wagtailcore.pagelogentry", "pk": 9, "fields": {"content_type": ["home", "homepage"], "label": "Home", "action": "wagtail.publish", "data": {}, "timestamp": "2026-07-09T10:08:20.667Z", "uuid": "11c9a13c-3162-4ea6-9e18-dd77b9161bab", "user": ["admin"], "revision": 5, "content_changed": false, "deleted": false, "page": ["/home/"]}}, {"model": "wagtailcore.pagelogentry", "pk": 10, "fields": {"content_type": ["home", "homepage"], "label": "Home", "action": "wagtail.edit", "data": {}, "timestamp": "2026-07-09T10:10:36.759Z", "uuid": "1e970884-2653-490a-bfd9-e1adc1d1d309", "user": ["admin"], "revision": 6, "content_changed": true, "deleted": false, "page": ["/home/"]}}, {"model": "wagtailcore.pagelogentry", "pk": 11, "fields": {"content_type": ["home", "homepage"], "label": "Home", "action": "wagtail.publish", "data": {}, "timestamp": "2026-07-09T10:10:36.820Z", "uuid": "1e970884-2653-490a-bfd9-e1adc1d1d309", "user": ["admin"], "revision": 6, "content_changed": false, "deleted": false, "page": ["/home/"]}}, {"model": "wagtailcore.pagelogentry", "pk": 12, "fields": {"content_type": ["home", "homepage"], "label": "Home", "action": "wagtail.edit", "data": {}, "timestamp": "2026-07-14T07:52:46.327Z", "uuid": "d630132c-89d0-4831-acb9-da33b28d83ee", "user": ["admin"], "revision": 7, "content_changed": true, "deleted": false, "page": ["/home/"]}}, {"model": "wagtailcore.pagelogentry", "pk": 13, "fields": {"content_type": ["home", "homepage"], "label": "Home", "action": "wagtail.edit", "data": {}, "timestamp": "2026-07-14T07:52:50.319Z", "uuid": "d630132c-89d0-4831-acb9-da33b28d83ee", "user": ["admin"], "revision": 7, "content_changed": true, "deleted": false, "page": ["/home/"]}}, {"model": "wagtailcore.pagelogentry", "pk": 14, "fields": {"content_type": ["home", "homepage"], "label": "Home", "action": "wagtail.edit", "data": {}, "timestamp": "2026-07-14T07:53:28.836Z", "uuid": "d630132c-89d0-4831-acb9-da33b28d83ee", "user": ["admin"], "revision": 7, "content_changed": true, "deleted": false, "page": ["/home/"]}}, {"model": "wagtailcore.pagelogentry", "pk": 15, "fields": {"content_type": ["home", "homepage"], "label": "Home", "action": "wagtail.edit", "data": {}, "timestamp": "2026-07-14T07:53:30.910Z", "uuid": "b9516bc8-8f11-4903-a034-47ea67352fba", "user": ["admin"], "revision": 8, "content_changed": true, "deleted": false, "page": ["/home/"]}}, {"model": "wagtailcore.pagelogentry", "pk": 16, "fields": {"content_type": ["home", "homepage"], "label": "Home", "action": "wagtail.publish", "data": {}, "timestamp": "2026-07-14T07:53:30.968Z", "uuid": "b9516bc8-8f11-4903-a034-47ea67352fba", "user": ["admin"], "revision": 8, "content_changed": false, "deleted": false, "page": ["/home/"]}}, {"model": "wagtailcore.pagelogentry", "pk": 17, "fields": {"content_type": ["home", "homepage"], "label": "Home", "action": "wagtail.edit", "data": {}, "timestamp": "2026-07-14T08:08:35.467Z", "uuid": "4c0ca321-595b-4b90-bc8d-faa3ad99cd50", "user": ["admin"], "revision": 9, "content_changed": true, "deleted": false, "page": ["/home/"]}}, {"model": "wagtailcore.pagelogentry", "pk": 18, "fields": {"content_type": ["home", "homepage"], "label": "Home", "action": "wagtail.publish", "data": {}, "timestamp": "2026-07-14T08:08:35.545Z", "uuid": "4c0ca321-595b-4b90-bc8d-faa3ad99cd50", "user": ["admin"], "revision": 9, "content_changed": false, "deleted": false, "page": ["/home/"]}}, {"model": "wagtailcore.pagelogentry", "pk": 19, "fields": {"content_type": ["home", "homepage"], "label": "Home", "action": "wagtail.edit", "data": {}, "timestamp": "2026-07-15T11:06:18.787Z", "uuid": "f88ad8a9-360f-4f2f-a169-1d7abf876374", "user": ["admin"], "revision": 10, "content_changed": true, "deleted": false, "page": ["/home/"]}}, {"model": "wagtailcore.pagelogentry", "pk": 20, "fields": {"content_type": ["home", "homepage"], "label": "Home", "action": "wagtail.publish", "data": {}, "timestamp": "2026-07-15T11:06:18.850Z", "uuid": "f88ad8a9-360f-4f2f-a169-1d7abf876374", "user": ["admin"], "revision": 10, "content_changed": false, "deleted": false, "page": ["/home/"]}}, {"model": "wagtailcore.pagelogentry", "pk": 21, "fields": {"content_type": ["home", "homepage"], "label": "Home", "action": "wagtail.edit", "data": {}, "timestamp": "2026-07-15T11:07:07.424Z", "uuid": "5e755701-a09c-46cb-a721-02b1fca610a4", "user": ["admin"], "revision": 11, "content_changed": true, "deleted": false, "page": ["/home/"]}}, {"model": "wagtailcore.pagelogentry", "pk": 22, "fields": {"content_type": ["home", "homepage"], "label": "Home", "action": "wagtail.edit", "data": {}, "timestamp": "2026-07-15T11:07:08.951Z", "uuid": "2350f5d8-fea7-468b-be03-b45b2223402e", "user": ["admin"], "revision": 12, "content_changed": true, "deleted": false, "page": ["/home/"]}}, {"model": "wagtailcore.pagelogentry", "pk": 23, "fields": {"content_type": ["home", "homepage"], "label": "Home", "action": "wagtail.publish", "data": {}, "timestamp": "2026-07-15T11:07:09.001Z", "uuid": "2350f5d8-fea7-468b-be03-b45b2223402e", "user": ["admin"], "revision": 12, "content_changed": false, "deleted": false, "page": ["/home/"]}}, {"model": "wagtailcore.pagesubscription", "pk": 1, "fields": {"user": ["admin"], "page": ["/home/"], "comment_notifications": false}}]
